IdeAgenteAcessante,NumCNPJAgenteAcessante,NomAgenteAcessante
1,0,ABAÚNA
2,0,ABRANJO I
3,0,ACOMAIS
4,0,ADO POPINHAKI
5,0,ADVOGADO EDUARDO SOARES (ANTIGA BOA ESPERANÇA)
6,0,AEROPORTO DE SALVADOR
7,0,AFYA
8,0,AGRO TRAFO
9,0,AGROPÉU
10,0,AGROVALE
11,0,AGUDO
12,0,AGUTI
13,0,AKZONOBEL RECIFE
14,0,ALAGOA III
15,0,ALBANO MACHADO
16,0,ALCON
17,0,ALCÍDIA
18,0,ALEGRE
19,0,ALGAR AGRO
20,0,ALIANÇA
21,0,ALIRIO SENS
22,08220101000180,ALPEK POLYESTER BRASIL S.A.
23,0,ALTA FLORESTA
24,0,ALTA MOGIANA
25,0,ALTEROSA
26,0,ALTO ALEGRE
27,0,ALTO ARAGUAIA
28,0,ALTO BENEDITO NOVO I
29,0,ALTO FARIAS
30,0,ALTO FÊMEAS I
31,0,ALTO GARCIA
32,0,ALTO IRANI
33,0,ALTO PARAGUAI (PEDRO PEDROSSIAN)
34,0,ALTO SUCURIÚ
35,0,AMADOR AGUIAR I (ANTIGA CAPIM BRANCO I)
36,0,AMADOR AGUIAR II (ANTIGA CAPIM BRANCO II)
37,02341467000120,AMAZONAS ENERGIA S.A
38,0,AMERICANA
39,0,AMITEC
40,0,AMPARO
41,33050071000158,AMPLA ENERGIA E SERVICOS S.A.
42,0,ANDORINHAS
43,0,ANDORINHAS II
44,0,ANGELINA (ANTIGA PORTOBELLO - CORREDEIRA DO ENCANO)
45,0,ANGICO I
46,0,ANGÉLICA
47,0,ANGÉLICA I
48,0,ANHANGUERA
49,0,ANIL
50,0,ANJOS
51,0,ANNA MARIA
52,0,ANTUNES
53,0,ANTÔNIO BRENNAND (ANTIGA ALTO JAURU)
54,0,ANTÔNIO PRADO
55,0,APARECIDA
56,0,APARECIDA I
57,0,APE 36 NORTE
58,0,APE CLUBE DORES
59,0,APE DIMATEX
60,0,APE GAZIN MOLAS
61,0,APE GAZIN MÓVEIS (MATRIZ)
62,0,APE GRAFICA ANS
63,0,APE MASTER 4
64,0,APE MASTER 6
65,0,APE METALURGICA MARIO
66,0,APE PERTE
67,0,APE PROVERACO
68,0,APE ROHDEN
69,0,APE SOPRANO SME
70,0,APE UFN
71,0,APE UNIDASUL FL 74
72,0,APE UNIDASUL FL 75
73,0,APE UNIDASUL FL 77
74,0,APIAÍ
75,0,APOLO
76,0,APUCARANINHA
77,0,AQUARIO KIDASEN
78,0,AQUARIUS
79,0,AQUIBATÃ
80,0,ARATUÁ I
81,0,ARAXÁ 1
82,0,ARAXÁ 2
83,0,AREADO
84,0,AREAL
85,0,AREIA
86,0,AREIA BRANCA
87,0,ARIPUANÃ
88,0,ARIZONA 1
89,29667227000681,ARLANXEO BRASIL S.A.
90,0,ARMANDO RIBEIRO
91,0,ARROIO TRINTA
92,0,ARS
93,0,ARTURO ANDREOLI (ANTIGA JÚLIO DE MESQUITA FILHO)
94,0,ARVOREDO
95,0,ASJA BH
96,0,ASJA JABOATÃO
97,0,ASJA JOÃO PESSOA
98,0,ASJA SABARÁ
99,0,ASSIS CHATEAUBRIAND(ANTIGA SALTO MIMOSO)
100,0,ASSURUÁ
101,0,ASSÚ V
102,0,ATOS
103,0,AUTÓDROMO
104,0,BAGAGEM
105,0,BAHIA PULP (ANTIGA BACELL)
106,0,BAITACA
107,0,BALDIN
108,0,BAMBUÍ
109,0,BANDEIRANTE
110,0,BANDIERA RONFIM
111,0,BARIRI (ÁLVARO DE SOUZA LIMA)
112,0,BARRA
113,0,BARRA BIOENERGIA
114,0,BARRA BONITA
115,0,BARRA BONITA I
116,0,BARRA CARNEIRO
117,0,BARRA CLARA
118,0,BARRA DA PACIÊNCIA
119,0,BARRA DAS ÁGUAS
120,0,BARRA DO BRAÚNA
121,0,BARRA DO LEÃO
122,0,BARRA DO RIBEIRO
123,0,BARRA DO RIO CHAPÉU
124,0,BARRA DOS COQUEIROS
125,0,BARRA ESCONDIDA
126,0,BARRA GRANDE 2
127,0,BARRA GRANDE LENÇÓIS
128,0,BARRALCOOL
129,0,BARRINHA
130,0,BARRINHA GERAÇÃO DE ENERGIA
131,0,BARUÍTO
132,0,BATALHA (ANTIGA PAULISTA)
133,0,BAÍA FORMOSA
134,0,BBF IZIDOLÂNDIA
135,0,BBF URUCUMACUÃ
136,0,BEDIM
137,0,BELA MIRAGEM
138,0,BELA UNIÃO(TRINCHEIRA)
139,0,BELA VISTA
140,0,BELEZA
141,0,BELMONTE
142,0,BEN BIOENERGIA
143,0,BENJAMIM MÁRIO BAPTISTA (ANTIGA NOVA SINCERIDADE)
144,0,BERNECK LAGES
145,0,BERTOLDO JACOBSEN
146,0,BIO ALVORADA
147,0,BIO COOPCANA
148,0,BIOENERGIA MOCOCA
149,0,BIOENERGÉTICA VALE DO PARACATU - BEVAP
150,0,BIOFLEX CAETÉ
151,0,BIOGÁS BONFIM
152,0,BIOLINS
153,0,BIOTERMICA ENERGIA SA - GIRUA
154,0,BIOTERMICA ENERGIA SA - SANTA MARIA
155,0,BIOTERMICA ENERGIA SA - VICTOR GRAEFF
156,0,BIOTÉRMICA RECREIO
157,0,BJL 11
158,0,BJL 4
159,0,BOA ESPERANÇA (ANTIGA CERRADÃO 3)
160,0,BOA FÉ
161,0,BOA HORA 1
162,0,BOA HORA 2
163,0,BOA HORA 3
164,0,BOA HORA 4
165,0,BOA HORA 5
166,0,BOA HORA 6
167,0,BOA SORTE
168,0,BOA SORTE 1
169,0,BOA SORTE 2
170,0,BOA SORTE 3
171,0,BOA SORTE 4
172,0,BOA SORTE 5
173,0,BOA SORTE 6
174,0,BOA SORTE 7
175,0,BOA SORTE 8
176,0,BOA VISTA
177,0,BOA VISTA CAPEADA
178,0,BOA VISTA II
179,0,BOCAIÚVA
180,0,BOM JARDIM
181,0,BOM JESUS
182,0,BOM JESUS DA LAPA I
183,0,BOM JESUS DA LAPA II
184,0,BOM NOME 1-5
185,0,BOM NOME 1-6
186,0,BOM RETIRO CHAPECO
187,0,BONDE MAIS I
188,0,BONFANTE
189,0,BONFIM
190,0,BORTOLO CAROLO
191,0,BOSSARDI
192,0,BRACINHO
193,0,BRAGA
194,0,BRANCHER
195,0,BRANCO PERES
196,0,BRAÇO
197,0,BRAÇO NORTE
198,0,BRAÇO NORTE II
199,0,BRAÇO NORTE III
200,0,BRAÇO NORTE IV
201,0,BRAÇÃO
202,0,BRECHA
203,0,BRIGIDA 2
204,0,BRISAS SUAVES
205,0,BRITAMIX
206,0,BRITO
207,0,BROTAS
208,0,BROTAS II
209,0,BRUNO HEIDRICH
210,0,BRUNO HEIDRICH NETO
211,0,BRÍGIDA
212,0,BUGRES
213,0,BURICÁ
214,0,BURITI
215,0,BURITIRANA
216,0,BURITIS
217,0,BURITIZAL
218,0,BURRO BRANCO I
219,0,BVE (ANTIGA CENI)
220,50351104000119,BYD AUTO DO BRASIL LTDA
221,0,C.VALE UPL - BIOGÁS 300 KW
222,0,CAA YARI
223,0,CAAL
224,0,CAARAPÓ
225,0,CABEÇA DE BOI
226,0,CABEÇA DE PATO
227,0,CABEÇO PRETO
228,0,CABEÇO PRETO IV
229,0,CABIXI I
230,0,CABIXI II
231,0,CABOCLO
232,0,CABREÚVA
233,0,CACHOEIRA
234,0,CACHOEIRA ALTA
235,0,CACHOEIRA CACHIMBO ALTO
236,0,CACHOEIRA CINCO VEADOS
237,0,CACHOEIRA DA LIXA
238,0,CACHOEIRA DA ONÇA
239,0,CACHOEIRA DO BRUMADO
240,0,CACHOEIRA DO CAMBARA
241,0,CACHOEIRA DO LAVRINHA (ANTIGA SÃO PATRÍCIO)
242,0,CACHOEIRA DO OITO
243,0,CACHOEIRA DOS MACACOS
244,0,CACHOEIRA DOS PRAZERES
245,0,CACHOEIRA DOURADA
246,0,CACHOEIRINHA
247,0,CACONDE
248,0,CAJU
249,0,CAJURU
250,0,CALCARIO TANGARA
251,0,CALCÁRIO BOA VISTA
252,0,CALDEIRA 6 KAIRÓS
253,0,CALHEIROS
254,0,CAMARGOS
255,0,CAMBARÁ
256,0,CAMBOATÁ
257,0,CAMBUI ENERGIS
258,0,CAMBUÍ
259,0,CAMPO BELO
260,0,CAMPO FLORIDO
261,0,CAMPO LINDO
262,0,CAMPOS (ANTIGA ROBERTO SILVEIRA)
263,0,CANA BRAVA
264,0,CANASTRA
265,0,CANAÃ
266,0,CANDENGO
267,0,CANHADÃO
268,0,CANOA QUEBRADA
269,0,CANOAS
270,0,CANOAS I
271,0,CANOAS II
272,0,CANTÚ 2
273,0,CAPIGUÍ
274,0,CAPIVARI
275,0,CAPOTE
276,0,CAPÃO PRETO
277,0,CAQUENDE
278,0,CARAGUATÁ
279,0,CARAMUJO
280,0,CARAMURU SORRISO
281,0,CARANDAÍ
282,0,CARANGOLA
283,0,CARAPITANGA
284,0,CARLOS BEVILÁCQUA
285,0,CARLOS GONZATTO (ANTIGA TURVO 6)
286,0,CARNEIRINHO
287,0,CASAGRANDE SA
288,0,CASAS BANDEIRANTES
289,0,CASCA II
290,0,CASCA III
291,0,CASCATA
292,0,CASCATA CHUPINGUAIA
293,0,CASCATA DAS ANDORINHAS
294,0,CASCATA DO BARREIRO
295,0,CASCATA DO PINHEIRINHO
296,0,CASTAMAN II
297,0,CASTILHO 1
298,0,CASTILHO 2
299,0,CASTILHO 3
300,0,CASTILHO 4
301,0,CASTILHO 5
302,0,CASTRO
303,0,CATANDUVA I (ANTIGA CERRADINHO)
304,0,CAVEIRAS
305,0,CAVERNOSO
306,0,CAVERNOSO II
307,0,CAVERNOSO III
308,0,CAVERNOSO IV
309,0,CAXAMBU
310,0,CAXIENSE
311,0,CAZUZA FERREIRA
312,0,CAÇADOR
313,0,CDR PEDREIRA I
314,0,CEDRO
315,0,CEDROS (RIO DOS CEDROS)
316,85665990000130,CEJAMA - COOPERATIVA DE ELETRICIDADE JACINTO MACHADO
317,08336783000190,CELESC DISTRIBUICAO S.A
318,0,CELSO RAMOS
319,0,CEM (ANTIGA CAMEN)
320,06981180000116,CEMIG DISTRIBUIÇÃO S.A
321,88446034000155,CENTRAIS ELÉTRICAS DE CARAZINHO SA
322,0,CENTRAL ENERGÉTICA ALTA MOGIANA
323,0,CENTRAL GERADORA SUZANO RRP1
324,0,CENTRAL MINEIRÃO
325,0,CENTRAL OLHO D ÁGUA
326,09364804000144,CERACA - COOPERATIVA DISTRIBUIDORA DE ENERGIA VALE DO ARACA
327,97505838000179,CERFOX - COOPERATIVA DE DISTRIBUICAO DE ENERGIA FONTOURA XAVIER
328,0,CERRADINHO MS1
329,0,CERRADÃO
330,0,CERRADÃO 2
331,86512670000102,CERSUL - COOPERATIVA DE DISTRIBUIÇÃO DE ENERGIA
332,06791750000000,CERVAM COOPERATIVA DE ENERGIZAÇÃO E DE DESENVOLVIMENTO RURAL DO VALE DO MOGI LTDA
333,0,CESAR FILHO
334,0,CESAR FILHO I
335,0,CET (ANTIGA BIOENERGÉTICA AROEIRA)
336,0,CEVASA
337,0,CGH RIO DO MATO
338,0,CHALÉ
339,0,CHAMINÉ
340,0,CHAPADAO
341,0,CHAPEMEC
342,0,CHIBARRO
343,0,CHIMARRÃO
344,0,CHOPIM I
345,0,CHUPINGUAIA
346,0,CICLUS
347,0,CIDEZAL
348,10919934000185,CIMPOR CIMENTOS DO BRASIL S.A.
349,0,CITROVITA CATANDUVA
350,0,CLAUDINA
351,0,CLEALCO QUEIROZ
352,0,COAF
353,0,COARACY NUNES
354,0,COBRE KM 19
355,0,COCAIS GRANDE
356,0,COCAL
357,0,COCAL II
358,0,CODORA
359,0,COLETEK
360,0,COLINO 1
361,0,COLINO 2
362,0,COLOMBO ARIRANHA
363,0,COLOMBO ARIRANHA 2
364,0,COLOMBO SANTA ALBERTINA
365,0,COLORADO
366,0,COMENDADOR VENÃNCIO
367,0,COMERCIAL ZAFFARI CAXIAS DO SUL APE
368,75805895000130,COMPANHIA CAMPOLARGUENSE DE ENERGIA COCEL
369,05965546000109,COMPANHIA DE ELETRICIDADE DO AMAPA CEA
370,15139629000194,COMPANHIA DE ELETRICIDADE DO ESTADO DA BAHIA COELBA
371,10835932000108,COMPANHIA ENERGETICA DE PERNAMBUCO
372,53859112000169,COMPANHIA JAGUARI DE ENERGIA
373,04172213000151,COMPANHIA PIRATININGA DE FORCA E LUZ
374,0,COMPESA SEDE
375,0,COMVAP
376,0,CONFLUÊNCIA
377,0,CONGONHAL I
378,0,CONGONHAL II
379,0,CONQUISTA DO PONTAL
380,0,CONRADO HEITOR DE QUEIROZ/KAMAMULTDA
381,0,CONSELVAN
382,0,CONTESTADO
383,20364830000000,CONTINENTAL DO BRASIL PRODUTOS AUTOMOTIVOS LTDA
384,49606312000132,COOP DE ELET RURAL DE ITAI PARANAPANEMA AVARE LTDA
385,0,COOPER-RUBI
386,83647990000181,COOPERATIVA ALIANCA
387,75826404000138,COOPERATIVA DE DISTRIBUICAO DE ENERGIA ELETRICA DE ANITAPOLIS - CERAL
388,10532365000110,COOPERATIVA DE DISTRIBUICAO DE ENERGIA ELETRICA DE ARAPOTI
389,30460297000139,COOPERATIVA DE DISTRIBUICAO DE ENERGIA ELETRICA DE CASTRO
390,11615872000180,COOPERATIVA DE DISTRIBUIÇÃO DE ENERGIA ELÉTRICA SALTO DONNER
391,11810343000138,COOPERATIVA DE DISTRIBUIÇÃO DE ENERGIA ELÉTRICA SANTA MARIA
392,98042963000152,COOPERATIVA DE DISTRIBUIÇÃO DE ENERGIA ENTRE RIOS LTDA
393,09257558000121,COOPERATIVA DE DISTRIBUIÇÃO DE ENERGIA TEUTÔNIA
394,97081434000103,COOPERATIVA DE DISTRIBUIÇÃO E GERAÇÃO DE ENERGIA DAS MISSÕES - CERMISSÕES
395,86449170000173,COOPERATIVA DE ELETRICIDADE DE GRAVATAL
396,85318640000105,COOPERATIVA DE ELETRICIDADE DE PAULO LOPES
397,86444163000189,COOPERATIVA DE ELETRICIDADE DE SÃO LUDGERO
398,01229747000189,COOPERATIVA DE ELETRICIDADE GRÃO PARÁ
399,78274610000170,COOPERATIVA DE ELETRICIDADE PRAIA GRANDE
400,86439510000185,COOPERATIVA DE ELETRIFICACAO ANITA GARIBALDI
401,60196987000193,COOPERATIVA DE ELETRIFICACAO DA REGIAO DO ALTO PARAIBA
402,49313653000110,COOPERATIVA DE ELETRIFICACAO DE IBIUNA E REGIAO
403,52548732000114,COOPERATIVA DE ELETRIFICACAO E DESENVOLVIMENTO DA REGIAO DE MOGI DAS CRUZES
404,13107842000199,COOPERATIVA DE ELETRIFICACAO E DESENVOLVIMENTO RURAL CENTRO SUL DE SERGIPE LTDA
405,53176038000186,COOPERATIVA DE ELETRIFICACAO E DESENVOLVIMENTO RURAL DA REGIAO DE NOVO HORIZONTE
406,27707397000102,COOPERATIVA DE ELETRIFICACAO RURAL CACHOEIRAS ITABORAI LTDA
407,44560381000139,COOPERATIVA DE ELETRIFICACAO RURAL DA REGIAO DE PROMISSAO
408,31465487000101,COOPERATIVA DE ELETRIFICACAO RURAL DE RESENDE LTDA
409,50235449000107,COOPERATIVA DE ELETRIFICAO E DESENVOLVIMENTO DA REGIAO DE ITU MAIRINQUE
410,87776043000141,COOPERATIVA DE ELETRIFICAÇÃO CENTRO JACUÍ LTDA
411,57384943000182,COOPERATIVA DE ELETRIFICAÇÃO DA REGIÃO DE ITAPECERICA DA SERRA
412,86433042000131,COOPERATIVA DE ELETRIFICAÇÃO DE BRAÇO DO NORTE
413,52777034000190,COOPERATIVA DE ELETRIFICAÇÃO E DESENVOLVIMENTO DA REGIÃO DE MOGI MIRIM
414,46598678000119,COOPERATIVA DE ELETRIFICAÇÃO E DESENVOLVIMENTO DA REGIÃO DE SÃO JOSÉ DO RIO PRETO-CERRP
415,50105865000190,COOPERATIVA DE ELETRIFICAÇÃO E DISTRIBUIÇÃO DA REGIÃO DE ITARIRI
416,75568154000183,COOPERATIVA DE ELETRIFICAÇÃO LAURO MULLER
417,28610236000169,COOPERATIVA DE ELETRIFICAÇÃO RURAL DE ARARUAMA LTDA
418,76583962000182,COOPERATIVA DE ENERGIA TREVISO
419,55188502000180,COOPERATIVA DE ENERGIZAÇÃO E DE DESENVOLVIMENTO DO VALE DO MOGI
420,82574864000181,COOPERATIVA DE PRESTACAO DE SERVICOS PUBLICOS DE DISTRIBUICAO DE ENERGIA ELETRICA SENADOR ESTEVES JUNIOR - CEREJ
421,86532348000145,COOPERATIVA ENERGÉTICA COCAL
422,86533346000170,COOPERATIVA FUMACENSE DE ELETRICIDADE - CERMOFUL ENERGIA
423,83646653000170,COOPERATIVA PIONEIRA DE ELETRIFICAÇÃO - COOPERA
424,88022918000182,COOPERATIVA REGIONAL DE DISTRIBUICAO DE ENERGIA DO LITORAL NORTE - COOPERNORTE
425,87462750000163,COOPERATIVA REGIONAL DE ELETRIFICAÇÃO RURAL FRONTEIRA SUL LTDA
426,87656989000174,COOPERATIVA REGIONAL DE ENERGIA E DESENVOLVIMENTO IJUÍ LTDA
427,97839922000129,COOPERATIVA REGIONAL DE ENERGIA TAQUARI JACUÍ
428,86448057000173,COOPERATIVA REGIONAL SUL DE ELETRIFICACAO RURAL
429,95824322000161,COOPERLUZ - COOPERATIVA DISTRIBUIDORA DE ENERGIA FRONTEIRA NOROESTE
430,78829843000192,COOPERZEM COOPERATIVA DE DISTRIBUIÇÃO DE ENERGIA ELÉTRICA
431,90660754000160,COPREL COOPERATIVA DE ENERGIA
432,0,COPRODIA
433,0,CORAÇÃO
434,0,COROMANDEL 1
435,0,COROMANDEL 2
436,0,CORONEL AMÉRICO TEIXEIRA
437,0,CORONEL ARAÚJO
438,0,CORONEL DOMICIANO
439,0,CORONEL JOÃO DE CERQUEIRA LIMA
440,0,CORREDOR DO SENANDES II
441,0,CORREDOR DO SENANDES III
442,0,CORREDOR DO SENANDES IV
443,0,CORREGO GER
444,0,CORRENTE GRANDE
445,0,CORUJÃO
446,0,CORUMBATAÍ
447,0,CORUMBÁ III
448,0,CORUMBÁ IV
449,0,CORURIPE
450,0,CORURIPE AÇÚCAR E ÁLCOOL
451,0,CORURIPE ENERGÉTICA - FILIAL CAMPO FLORIDO
452,0,CORURIPE ITURAMA
453,0,COSGRAF- AUTOPRODUÇÃO DE ENERGIA
454,0,COSTA PINTO
455,0,COSTA RICA
456,0,COTIPORÃ
457,0,COTOVELO DO JACUÍ
458,0,COTRIJAL
459,0,COVÓ
460,91950261000128,CRELUZ - COOPERATIVA DE DISTRIBUICAO DE ENERGIA
461,89435598000155,CRERAL - COOPERATIVA REGIONAL DE ELETRIFICACAO RURAL DO ALTO URUGUAI
462,0,CRISTALINO
463,0,CRISTINA
464,0,CRIÚVA
465,0,CRUZ ALTA
466,0,CRUZEIRO DO SUL D
467,0,CTR JUIZ DE FORA
468,0,CTR RANDON
469,0,CUIABÁ (ANTIGA MÁRIO COVAS)
470,0,CULUENE
471,0,CUREMAS
472,0,CURITIBA ENERGIA
473,0,CURT LINDNER
474,0,CURUMIM (ANTIGA BAHIA I - CAMARARI)
475,0,CURUÁ-UNA
476,0,CVW ENERGÉTICA
477,0,DA FAZENDA
478,0,DA ILHA
479,0,DA MATA
480,0,DA MATA 2
481,0,DA PEDRA
482,0,DACOLONIA
483,0,DAIA
484,0,DALBA
485,0,DAS PEDRAS
486,0,DAS PEDRAS - VIDEIRA
487,83855973000130,DCELT DISTRIBUIDORA CATARINENSE DE ENERGIA ELETRICA S/A
488,0,DECASA
489,0,DELLA COLETTA
490,0,DELTA
491,0,DELTA DO PARNAÍBA
492,0,DERIVAÇÃO DO RIO JORDÃO
493,0,DESIDERIO
494,0,DESTILARIA MELHORAMENTOS
495,0,DESTILARIA MELHORAMENTOS - NOVA LONDRINA
496,0,DETOFOL
497,0,DIACAL II
498,0,DIAMANTE
499,0,DIAMANTINO
500,0,DIANA
501,0,DIANÓPOLIS
502,0,DIVINAL
503,0,DIVINÓPOLIS
504,0,DIVISA
505,0,DO HORIZONTE
506,0,DOCILE
507,0,DOIDO
508,0,DOIS SALTOS
509,0,DONA AMÉLIA
510,0,DONA ASSUNTA
511,0,DONA ENEDINA
512,0,DONA MARIA PIANA
513,0,DONA MIRIAN
514,0,DONA RITA
515,0,DORES DE GUANHÃES
516,0,DOURADOS
517,0,DOUTOR AUGUSTO GONÇALVES DE SOUZA
518,0,DR.TITO 2
519,0,DRACENA 1
520,0,DRACENA 2
521,0,DRACENA 4
522,0,DUAL CNP
523,0,DUAL PP
524,0,DUNAS DE PARACURU
525,0,DVPA
526,0,ECO VIDA CAJURU
527,0,ECOLUZ
528,0,EDR CONSTRUÇÕES
529,0,ELDORADO
530,0,ELDORADO BRASIL
531,0,ELEBRÁS CIDREIRA 1
532,02328280000197,ELEKTRO REDES S.A.
533,61695227000193,ELETROPAULO METROPOLITANA ELETRICIDADE DE SAO PAULO S.A.
534,0,ELIMARI REGIO I
535,0,ELOY CHAVES
536,0,EMBAÚBA
537,13504675000110,"EMPRESA BAIANA DE AGUAS E SANEAMENTO S.A. (SERVIÇO PÚBLICO (ÁGUA, ESGOTO E SANEAMENTO)"
538,86531175000140,EMPRESA FORCA E LUZ DE URUSSANGA LTDA
539,86301124000122,EMPRESA FORCA E LUZ JOAO CESA LTDA
540,27485069000109,EMPRESA LUZ E FORCA SANTA MARIA S A
541,0,ENERCOL
542,0,ENERGIA MADEIRAS
543,0,ENERGIA MAIA LTDA
544,0,ENERGIR
545,03467321000199,ENERGISA MATO GROSSO - DISTRIBUIDORA DE ENERGIA S.A.
546,15413826000150,ENERGISA MATO GROSSO DO SUL - DISTRIBUIDORA DE ENERGIA S.A.
547,19527639000158,ENERGISA MINAS RIO - DISTRIBUIDORA DE ENERGIA S.A.
548,09095183000140,ENERGISA PARAIBA - DISTRIBUIDORA DE ENERGIA S.A
549,00000000000000,ENERGISA PB - SE FLORES
550,00000000000000,ENERGISA PB - SE SERTÂNIA
551,07282377000120,ENERGISA SUL-SUDESTE - DISTRIBUIDORA DE ENERGIA S.A.
552,25086034000171,ENERGISA TOCANTINS DISTRIBUIDORA DE ENERGIA S.A.
553,0,ENERGÉTICA TUPACIGUARA (ANTIGA CENTRAL ENERGÉTICA TUPACIGUARA)
554,0,ENERVALE
555,0,ENGENHEIRO BERNARDO FIGUEIREDO
556,0,ENGENHEIRO ERNESTO JORGE DREHER
557,0,ENGENHEIRO HENRIQUE KOTZIAN
558,0,ENGENHEIRO JOSÉ GELÁSIO DA ROCHA
559,0,ENTRE RIOS
560,0,ENXADRISTA
561,12272084000100,EQUATORIAL ALAGOAS DISTRIBUIDORA DE ENERGIA S.A.
562,01543032000104,EQUATORIAL GOIAS DISTRIBUIDORA DE ENERGIA S/A
563,06272793000184,EQUATORIAL MARANHÃO DISTRIBUIDORA DE ENERGIA S.A
564,04895728000180,EQUATORIAL PARA DISTRIBUIDORA DE ENERGIA S.A.
565,06840748000189,EQUATORIAL PIAUI DISTRIBUIDORA DE ENERGIA S.A
566,0,EQUIPAV
567,0,EQUIPAV II
568,0,ERNA HEIDRICH
569,0,ERNESTINA
570,0,ERNESTO LAVRATTI NETO
571,0,ERVÁLIA
572,0,ESMERALDA
573,0,ESMERIL
574,0,ESPERANÇA
575,0,ESPLANADA (ANTIGA JALLES MACHADO)
576,0,ESPORA
577,0,ESTER
578,0,ESTIVAS
579,0,ESTREITO
580,0,EUCLIDELÂNDIA
581,0,EUCLIDES DA CUNHA
582,0,EÓLICA DE BOM JARDIM
583,0,F&S AGRI SOLUTIONS
584,0,FABRICIO INDUSTRIA PETROQUIMICA
585,0,FAGUNDES
586,0,FARTURA
587,0,FAXINAL
588,0,FAXINAL I
589,0,FAXINAL II
590,0,FAZENDA ESMERALDA
591,0,FAZENDA FIGUEIRÃO
592,0,FAZENDA ROSÁRIO
593,0,FAZENDA ROSÁRIO 2
594,0,FAZENDA ROSÁRIO 3
595,0,FAZENDA VELHA
596,0,FCR III ITAPURANGA
597,0,FEDERAL
598,0,FEIJÓ D
599,0,FERGUSA SIDERURGIA
600,0,FERMAP ARMAZÉNS GERAIS
601,0,FERRADURA
602,0,FERRARI
603,0,FERREIRA COSTA ARACAJU
604,0,FERREIRA COSTA CARUARU
605,0,FERREIRA COSTA JOÃO PESSOA
606,0,FERRO LIGAS JUMIRIM (UFV MARIO SAMPAIO FILHO)
607,0,FIBRIA - MS (ANTIGA VCP - MS)
608,0,FIBRIA MS-II
609,0,FIGUEIRA
610,0,FIGUEIRA DO TIGRE
611,0,FIGUEIRÓPOLIS
612,0,FLOR DO SERTÃO
613,0,FLORAPLAC
614,0,FLORESTA
615,0,FLORESTAL
616,0,FOCCHEZAN ENERGIA
617,0,FONTES NOVA
618,79850574000109,FORCA E LUZ CORONEL VIVIDA LTDA
619,03470727000120,FORD MOTOR COMPANY BRASIL LTDA
620,0,FOREST
621,0,FORMIGUEIRO
622,0,FORQUILHA
623,0,FORQUILHA IV
624,0,FORTLEV PE I
625,0,FORTUNA II
626,0,FORÇA E LUZ SÃO PEDRO
627,0,FOZ DO CEDRO (ANTIGA A1E8)
628,0,FOZ DO ESTRELA
629,0,FOZ DO RIO CHORÓ
630,0,FRANCA AMARAL
631,0,FRANCISCO GROSS (ANTIGA SANTA FÉ)
632,0,FRANCISCO SÁ 1
633,0,FRANCISCO SÁ 2
634,0,FRANCISCO SÁ 3
635,0,FRASCAL
636,0,FREDERICO JOÃO CERUTTI SA
637,0,FRUTAL
638,0,FRUTEIRAS
639,0,FS PRIMAVERA
640,0,FUMAÇA
641,0,FUMAÇA IV
642,0,FUNDÃO
643,0,FUNDÃO I
644,0,FUNDÃOZINHO
645,0,FUNIL
646,0,FURLAN AVARÉ
647,0,FURNAS DO SEGREDO
648,0,FURQUIM
649,0,FV UNIMETAIS IND
650,0,FÊNIX
651,0,G & D
652,0,GABRIEL PASSOS
653,0,GAFANHOTO
654,0,GALERA CENTRAIS ELETRICAS 1A
655,0,GALHEIROS I
656,0,GALOPOLIS
657,0,GALVANI
658,0,GAMELEIRA
659,0,GARCIA
660,0,GARCIA DE ANGELINA
661,0,GARGANTA DA JARARACA
662,0,GARGAÚ
663,0,GARIBALDI
664,0,GARÇA BRANCA
665,0,GASA
666,0,GAVIÃO PEIXOTO
667,0,GD (GRUPO A)
668,0,GD - BT TIPO 1
669,0,GD - BT TIPO 2
670,59275792000000,GENERAL MOTORS DO BRASIL LTDA
671,0,GENEROSO
672,0,GEO ELÉTRICA TAMBOARA
673,07358761000169,GERDAU ACOS LONGOS S.A.
674,0,GIASA II
675,0,GLÓRIA
676,0,GOIANDIRA
677,0,GOIANÉSIA
678,0,GOIASA
679,0,GRAVATÁ
680,0,GRAÇA BRENNAND (ANTIGA TERRA SANTA)
681,0,GSII SOLAR 1
682,0,GSII SOLAR 2
683,0,GSII SOLAR 3
684,0,GUAIMBÉ 1
685,0,GUAIMBÉ 2
686,0,GUAIMBÉ 3
687,0,GUAIMBÉ 4
688,0,GUAIMBÉ 5
689,0,GUAPORÉ
690,0,GUARANI - TANABI
691,0,GUARANI CRUZ ALTA
692,0,GUARANI CRUZ ALTA 2
693,0,GUARANI TANABI 2
694,0,GUARICANA
695,0,GUARIROBA
696,0,GUARITA
697,0,GUARY
698,0,GUATAPARÁ
699,0,GUAÇU
700,0,GUAÍRA ENERGÉTICA
701,0,GUIMARANIA 1
702,0,GUIMARANIA 2
703,0,GUSTAVO PAIVA
704,0,H BREMER & FILHOS
705,0,HACKER ENERGIA
706,0,HANS
707,0,HELENA KUHLEMANN
708,0,HENRIQUE NUNES COUTINHO (ANTIGA CACHOEIRÃO)
709,0,HENRIQUE PORTUGAL
710,0,HENRY BORDEN
711,0,HERINGER
712,0,HERVAL
713,91982348000187,HIDROPAN DISTRIBUIÇÃO DE ENERGIA S.A.
714,50221019000136,HNK BR INDUSTRIA DE BEBIDAS LTDA.
715,0,HORST BREMER
716,0,HORST PURNHAGEN
717,0,IACANGA
718,0,IACO AGRÍCOLA
719,0,IBIMIRIM 1
720,0,IBIMIRIM 2
721,0,IBIMIRIM 3
722,0,IBIMIRIM 4
723,0,IBIMIRIM 5
724,0,IBIMIRIM 6
725,0,IBIMIRIM 7
726,0,IBIMIRIM 8
727,0,IBIMIRIM 9
728,0,IBIRAMA
729,0,IBIRITÉ (AURELIANO CHAVES)
730,0,IBITINGA
731,0,IBITIÚVA BIOENERGÉTICA (ANTIGA DESTILARIA ANDRADE)
732,0,ICARAÍ
733,0,IGARAPAVA
734,0,IGREJINHA
735,0,IJUIZINHO
736,0,ILHA COMPRIDA
737,0,ILHA DA LUZ
738,0,ILHA DOS POMBOS
739,0,INDAIAZINHO (ANTIGA INDAIAZINHO GRANDE)
740,0,INDAIÁ GRANDE
741,0,INDIAVAÍ
742,07079511000190,INDORAMA VENTURES POLIMEROS S.A.
743,0,INDUSTRIAS BECKER I
744,0,INGÁ
745,0,INGÁ MIRIM
746,0,INHAPIM
747,0,INPASA
748,0,INPASA BALSAS
749,0,INPASA DOURADOS
750,0,INPASA MUTUM
751,0,INPASA SIDROLÂNDIA
752,0,INTELBRAS
753,0,INTERLAGOS
754,0,INVERNADINHA
755,0,INXÚ
756,0,IOLANDO LEITE
757,0,IPAUSSU BIOENERGIA
758,0,IPIRANGA BIOENERGIA MOCOCA II
759,0,IPOJUCA
760,0,IPÊ (ANTIGA CENI)
761,0,IRACEMA
762,0,IRARA
763,0,IRMAOS VERONEZE
764,0,ISAMU IKEDA
765,0,ITA 01
766,0,ITA 02
767,0,ITAENGA
768,0,ITAFÓS 1
769,0,ITAGUAÇU
770,0,ITAIPAVA
771,0,ITAJAÍ BIOGÁS
772,0,ITAMARATI
773,0,ITAPOCUZINHO I
774,0,ITAPOCUZINHO IIA
775,0,ITATEX
776,0,ITUERÊ
777,0,ITUIUTABA
778,0,ITUMBIARA
779,0,ITUTINGA
780,0,IVAN BOTELHO I (ANTIGA PONTE)
781,0,IVAN BOTELHO II (ANTIGA PALESTINA)
782,0,IVAN BOTELHO III (ANTIGA TRIUNFO)
783,0,IVAÍ
784,0,IVO SILVEIRA
785,0,IZABEL
786,0,J MARCON
787,0,J3 ADMINISTRAÇÃO DE BENS
788,0,JACAREZINHO
789,0,JACARÉ
790,0,JACARÉ PEPIRA
791,0,JACU
792,0,JACUTINGA
793,0,JACUÍ
794,0,JAGUARI
795,0,JAMARI
796,0,JAPUNGU
797,0,JARAQUI
798,0,JARARACA
799,0,JARDIM
800,0,JATAÍ
801,0,JAURU
802,0,JAÍBA 3
803,0,JAÍBA 4
804,0,JAÍBA 9
805,0,JAÍBA N
806,0,JAÍBA NE1
807,0,JAÍBA NO1
808,0,JAÍBA O
809,0,JAÍBA SE1
810,0,JB
811,0,JESUÍTA
812,0,JITITUBA SANTO ANTÔNIO
813,0,JOASAL
814,0,JORDA FLOR
815,0,JORGE LACERDA I E II
816,0,JOSIDITH LEOPOLDO DE BULHOES
817,0,JOSÉ BARASUOL (ANTIGA LINHA 3 LESTE)
818,0,JOSÉ TOGNI
819,0,JOÃO BORGES
820,0,JOÃO CAMILO PENNA (ANTIGA CACHOEIRA DO EMBOQUE)
821,0,JOÃO DE DEUS
822,0,JOÃO FRANCO
823,0,JUBA I
824,0,JUBA II
825,0,JUCU
826,0,JUIZ DE FORA
827,0,JULIANA I
828,0,JULIÕES
829,0,JUPIÁ (ENG° SOUZA DIAS)
830,0,JUSANTE 1
831,0,JUSANTE 2
832,0,JUSANTE 3
833,0,JUSANTE 4
834,0,JUSANTE 5
835,0,JUSANTE 6
836,0,JUSANTE 7
837,0,JUÁ
838,0,JUÍ 117
839,0,JUÍNA
840,0,KAPAZI
841,0,KARKEY 013
842,0,KARKEY 019
843,0,KARL KUHLEMANN
844,0,LACERDÓPOLIS
845,0,LAGEADO
846,0,LAGES
847,0,LAGO AZUL
848,0,LAGOA 1
849,0,LAGOA 2
850,0,LAGOA DO MATO
851,0,LAGOA GRANDE
852,0,LAGUNA
853,0,LAIRE INDUSTRIA DE EMBALAGENS PLÁSTICAS
854,0,LAJARI
855,0,LAJE DE PEDRA
856,0,LAJEADO
857,0,LAJES
858,0,LAJES (FONTES VELHA)
859,0,LAMBARI
860,0,LAMBEDOR
861,0,LAR COOPERATIVA AGROINDUSTRIAL
862,0,LARANJA DOCE
863,0,LASA
864,0,LAVRINHA
865,0,LAVRINHAS
866,0,LD CELULOSE
867,0,LDC BIOENERGIA LAGOA DA PRATA (ANTIGA LOUIS DREYFUS LAGOA DA PRATA)
868,0,LDC BIOENERGIA LEME (ANTIGA COINBRA - CRESCIUMAL)
869,0,LDC BIOENERGIA RIO BRILHANTE (ANTIGA LOUIS DREYFUS RIO BRILHANTE)
870,0,LENÇÓIS
871,0,LIMOEIRO
872,0,LIMOEIRO (ARMANDO SALLES DE OLIVEIRA)
873,00000000000000,LINDE GASES LTDA
874,0,LINHA EMÍLIA
875,0,LINHA GRANJA VELHA
876,0,LINHA ONZE OESTE
877,0,LINHA RICA
878,0,LONTRAS
879,0,LUCAS DO RIO VERDE
880,0,LUCIA CHEROBIM
881,0,LUCÉLIA
882,0,LUDESA
883,0,LUIZ DIAS
884,0,LUIZ DIAS LINS (ANTIGA MANOPLA)
885,0,LUIZ GONZAGA I
886,0,LUIZ GONZAGA II
887,0,LUIZ GONZAGA III
888,0,LUIZ OSCAR RODRIGUES DE MELO (ANTIGA LINHARES)
889,0,LUIZ QUEIROZ
890,0,MACABU
891,0,MACACOS
892,0,MACHADINHO
893,0,MACHADO MINEIRO
894,0,MACUCO
895,0,MADAME DENISE (CACHOEIRA DO FURADO)
896,0,MADEIREIRA MARACANÃ
897,0,MADESA
898,0,MAFRÁS
899,0,MALAGONE
900,0,MALTA
901,0,MAMBAÍ II
902,0,MAMBUCA
903,0,MANDACARU
904,0,MANDU
905,0,MANGUE SECO 1
906,0,MANGUE SECO 2
907,0,MANGUE SECO 3
908,0,MANGUE SECO 5
909,0,MANTOVILIS
910,0,MANUEL ALVES
911,0,MARACANAÚ I
912,0,MARACANÃ
913,0,MARACAÍ
914,0,MARAVILHAS I
915,0,MARAVILHAS II
916,0,MARCO BALDO
917,0,MARCOL
918,0,MARECHAL MASCARENHAS DE MORAES (ANTIGA PEIXOTO)
919,0,MARGARIDA 2 DUPLICIDADE
920,0,MARGARIDA LLTDA
921,0,MARIO FETT
922,0,MARITUBA
923,0,MARMELOS
924,0,MAROMBAS I
925,0,MAROMBAS II
926,0,MARTINS
927,0,MARTINUV
928,0,MARUMBI
929,0,MARVI SOLAR
930,0,MASCARENHAS
931,0,MASUTTI
932,0,MATA COBRA
933,0,MATA VELHA
934,0,MATARACA
935,0,MATIPÓ
936,0,MAURÍCIO
937,0,MAX-01 (NOVA LACERDA)
938,0,MB
939,0,MEGAWATT SOLAR
940,0,MEL 02
941,0,MELISSA
942,0,MELLO
943,0,MERCUR SOLAR
944,0,MERIDIANO I (ANTIGA MERIDIANO)
945,0,MERIDIANO II (ANTIGA NOBLE ENERGIA II)
946,0,MESTRE
947,0,METALSIDER
948,0,MIASSABA II
949,0,MIGUEL PEREIRA
950,0,MILLENNIUM
951,0,MIRANDA
952,0,MIRANDA ESTÂNCIA
953,0,MIRIRI
954,0,MODA CENTER
955,0,MOEMA
956,0,MOGANO ENERGIA
957,0,MOGI
958,0,MOGI-GUAÇU
959,0,MOGIANA BIO-ENERGIA
960,0,MOINHO
961,0,MONJOLINHO
962,0,MONJOLINHO (ANTIGA ALZIR DOS SANTOS ANTUNES)
963,0,MONTE ALEGRE
964,0,MONTE BELO
965,0,MONTE SERRAT
966,0,MONTEVERDE
967,0,MORRINHOS
968,0,MORRO GRANDE
969,0,MOSQUITÃO
970,0,MOURÃO I
971,0,MUCURI
972,0,MUNIZ FREIRE
973,97578090000134,MUXFELDT MARIN E CIA LTDA
974,0,MÉDIO GARCIA
975,0,MÓVEIS PAULO
976,0,N O BIOENERGIA
977,0,NARDINI
978,0,NARDINI APORÉ
979,0,NEBLINA
980,0,NEGRO DE FUMO
981,42416651000107,NEXA RECURSOS MINERAIS S.A.
982,0,NG BIOENERGIA I
983,0,NILO BONFANTI (ANTIGA CASCATA DO BURICÁ)
984,0,NILO PEÇANHA
985,0,NINHO DA ÁGUIA
986,0,NKG STOCKLER AEROPORTO
987,0,NOIDORE
988,0,NORDESTÃO SUPERFACIL
989,0,NOVA AURORA
990,0,NOVA AVANHANDAVA (RUI BARBOSA)
991,0,NOVA FÁTIMA
992,0,NOVA GUAPORÉ
993,0,NOVA IGUAÇU
994,0,NOVA JAGUARIAÍVA
995,0,NOVA MAURÍCIO
996,0,NOVA MUTUM
997,89889604000144,NOVA PALMA ENERGIA LTDA
998,0,NOVA PIRATININGA (ANTIGA FERNANDO GASPARIAN)
999,0,NOVA PONTE QUEIMADA II
1000,0,NOVO HORIZONTE
1001,0,NOVO MILÊNIO
1002,0,NOVO ORIENTE I
1003,0,NOVO ORIENTE II
1004,0,NOVO ORIENTE III
1005,0,NOVO ORIENTE IV
1006,0,NOVO ORIENTE V
1007,0,NOVO ORIENTE VI
1008,0,NÃO SE APLICA
1009,37121669900,NÃO SE APLICA
1010,0,OLEOPLAN VERANÓPOLIS
1011,0,OLIVEIRA
1012,0,OMBREIRAS
1013,0,ONÇA PINTADA
1014,0,ORMEO JUNQUEIRA BOTELHO (ANTIGA CACHOEIRA ENCOBERTA)
1015,0,OROYTÊ
1016,0,OSVALDO DINO PIGOZZI
1017,0,OURINHOS
1018,0,OURO
1019,0,OURO BRANCO
1020,0,OURO BRANCO 1
1021,0,OURO BRANCO 2
1022,0,OUROESTE
1023,0,PACIÊNCIA
1024,0,PACÍFICO MASCARENHAS
1025,0,PADOVANI
1026,0,PADRE CARLOS (ANTIGA ROLADOR)
1027,0,PAES LEME
1028,0,PAI JOAQUIM
1029,0,PAIOL
1030,0,PALANQUINHO
1031,0,PALLADIUM UMUARAMA ADMINISTRADORA DE SHOPPING CENTERS
1032,0,PALMARES
1033,0,PALMAS (ANTIGA EÓLIO - ELÉTRICA DE PALMAS)
1034,0,PALMEIRAS
1035,0,PAMPEANA
1036,0,PARACAMBI
1037,0,PARACATU 1
1038,0,PARACATU 2
1039,0,PARACATU 3
1040,0,PARACATU 4
1041,0,PARACURU
1042,0,PARAIBUNA
1043,0,PARANAPANEMA
1044,0,PARANATINGA II
1045,0,PARANOÁ
1046,0,PARAÍSO
1047,0,PARAÍSO I
1048,0,PARAÚNA
1049,0,PARDOS
1050,0,PARECIS
1051,0,PAREDINHA
1052,0,PARI
1053,0,PARISOTTO
1054,0,PARQUE EÓLICO DE BEBERIBE
1055,0,PARQUE I
1056,0,PASSA TEMPO
1057,0,PASSAGEM
1058,0,PASSO DE AJURICABA
1059,0,PASSO DO CERVO
1060,0,PASSO DO INFERNO
1061,0,PASSO FERRAZ
1062,0,PASSO SÃO JOÃO
1063,0,PATEX
1064,0,PAU SANGUE
1065,0,PAULICÉIA
1066,0,PAULÍNIA VERDE (ANTIGA MP PAULÍNIA)
1067,0,PCT SLC ALIMENTOS
1068,0,PEDACINHO DO CÉU
1069,0,PEDRA
1070,0,PEDRA DO GARRAFÃO
1071,0,PEDRA DO REINO
1072,0,PEDRA DO REINO III
1073,0,PEDRA DO REINO IV
1074,0,PEDRA DO REINO V
1075,0,PEDRA DO SAL
1076,0,PEDRA FURADA
1077,0,PEDRANÓPOLIS 1
1078,0,PEDRANÓPOLIS 2
1079,0,PEDRANÓPOLIS 3
1080,0,PEDRINHO I
1081,0,PEDRO AFFONSO JUNQUEIRA (ANTIGA ANTAS I)
1082,0,PEDRO AFONSO
1083,0,PEDRO LEOPOLDO 1
1084,0,PEDRO LEOPOLDO 2
1085,0,PEDROSA
1086,0,PEQUI
1087,0,PEREIRA BARRETO I
1088,0,PEREIRA BARRETO II
1089,0,PEREIRA BARRETO III
1090,0,PEREIRA BARRETO IV
1091,0,PEREIRA BARRETO V
1092,0,PEREIRA PASSOS
1093,0,PEROLA AV BRASIL
1094,0,PEROLA AV COMERCIAL
1095,0,PEROLA BR 060
1096,0,PEROLA RUA LUZIANIA
1097,0,PERY
1098,0,PESQUEIRO
1099,0,PETI
1100,0,PETROCOQUE
1101,0,PETROLINA
1102,0,PIABANHA
1103,0,PIABANHA DO TOCANTINS
1104,0,PIARUCUM
1105,0,PIAU
1106,0,PICADA
1107,0,PICADA 48
1108,0,PIEDADE
1109,0,PINCÉIS ROMA PE
1110,0,PINGO DE OURO
1111,0,PINHAL
1112,0,PINHEIRINHO
1113,0,PINHEIROS II
1114,0,PIONEIROS
1115,0,PIONEIROS II
1116,0,PIPOCA
1117,0,PIRA
1118,0,PIRACICABA (ANTIGA BOYES)
1119,0,PIRAMBEIRA
1120,0,PIRANHAS
1121,0,PIRAPAMA
1122,0,PIRAPETINGA
1123,0,PIRAPORA
1124,0,PIRAPORA 10
1125,0,PIRAPORA 2
1126,0,PIRAPORA 3
1127,0,PIRAPORA 4
1128,0,PIRAPORA 5
1129,0,PIRAPORA 6
1130,0,PIRAPORA 7
1131,0,PIRAPORA 9
1132,0,PIRAPÓ
1133,0,PIRARUCU (ANTIGA - MANAUARA)
1134,0,PIRATINI
1135,0,PIRAUÁ
1136,0,PIRAÍ
1137,0,PISSARRÃO
1138,0,PITANGUEIRAS
1139,0,PITANGUI
1140,0,PITO
1141,0,PLANACON
1142,0,PLANALTO
1143,0,PLANO ALTO
1144,0,PLASCHIO PLÁSTICOS CHIACCHIO
1145,0,POLPA IDEAL I
1146,0,POLPA IDEAL II
1147,0,PONTAL DO PRATA
1148,0,PONTE ALTA
1149,0,PONTE BRANCA
1150,0,PONTE SERRADA
1151,0,PORSUD I
1152,0,PORSUD II
1153,0,PORTO COLÔMBIA
1154,0,PORTO DAS BARCAS
1155,0,PORTO DAS PEDRAS
1156,0,PORTO DAS ÁGUAS
1157,0,PORTO DAS ÁGUAS II
1158,0,PORTO DO DELTA
1159,0,PORTO FRANCO
1160,0,PORTO GÓES
1161,0,PORTO SALGADO
1162,0,POSSES
1163,0,POSTO
1164,0,POTIGUAR
1165,0,POTIGUAR III
1166,0,POTIRENDABA I (ANTIGA CERRADINHO POTIRENDABA)
1167,0,POVOAÇÃO 1
1168,0,POXORÉO (JOSÉ FRAGELLI)
1169,0,POÇO DA CRUZ
1170,0,POÇO FUNDO
1171,0,PRAIAS DE PARAJURU
1172,0,PRATA
1173,0,PRESIDENTE GOULART
1174,0,PRIMAVERA
1175,0,PRINCESA
1176,0,PRODUCERTA APE
1177,0,PROMISSÃO (MÁRIO LOPES LEÃO)
1178,0,PULO
1179,0,PÚLPITO
1180,0,QUATIARA
1181,0,QUATRO VENTOS
1182,0,QUATÁ
1183,0,QUEBRA DENTES
1184,0,QUEBRA QUEIXO
1185,0,QUEIMADO
1186,0,QUEIXADA
1187,0,QUELUZ
1188,0,QUILOMBO
1189,0,QUIRINÓPOLIS
1190,0,QUIXABA
1191,0,RACRI
1192,0,RAFAEL ARABUTÃ
1193,0,RAFARD
1194,0,RANCHO GRANDE GER
1195,0,RASGÃO
1196,0,RASTRO DE AUTO
1197,0,RAÇÕES PATENSE - ITAÚNA
1198,0,REB CASSINO I
1199,0,REB CASSINO II
1200,0,REB CASSINO III
1201,0,RECANTO
1202,0,REDE ELÉTRICA PIQUETE - ITAJUBÁ - REPI
1203,0,REDE ZEFERINO SAO JOAO DA BOA VISTA
1204,0,REFAP
1205,0,REINHOFER
1206,0,RETIRO
1207,0,RETIRO BAIXO
1208,0,RETIRO VELHO
1209,0,REVAL SERRAS
1210,02016440000162,RGE SUL DISTRIBUIDORA DE ENERGIA S.A.
1211,0,RIACHO PRETO
1212,0,RIACHÃO (ANTIGA SANTA EDWIGES I)
1213,0,RIBEIRÃO
1214,0,RIBEIRÃO DO PINHAL
1215,0,RINCÃO
1216,0,RINCÃO SÃO MIGUEL
1217,0,RIO ALEGRE
1218,0,RIO BONITO
1219,0,RIO BONITO TRES VALES
1220,0,RIO BRANCO
1221,0,RIO CAPIVARA
1222,0,RIO CHAPÉU
1223,0,RIO CLARO (ANTIGA PERDIDOS)
1224,0,RIO DAS FURNAS
1225,0,RIO DAS MORTES
1226,0,RIO DAS PACAS
1227,0,RIO DAS PEDRAS
1228,0,RIO DE PEDRAS
1229,0,RIO DO OURO
1230,0,RIO DO PEIXE
1231,0,RIO DO PEIXE (CASA DE FORÇA I E II)
1232,0,RIO DO PEIXE I
1233,0,RIO DO PEIXE II
1234,0,RIO DO PONCHO I
1235,0,RIO DO PONCHO II
1236,0,RIO DO SAPO
1237,0,RIO DOS ÍNDIOS
1238,0,RIO FORTALEZA
1239,0,RIO FORTUNA
1240,0,RIO ITAIOZINHO
1241,0,RIO MARGARIDA 2
1242,0,RIO NOVO
1243,0,RIO PALMEIRAS
1244,0,RIO PALMEIRAS I
1245,0,RIO PALMEIRAS II
1246,0,RIO PARDO
1247,0,RIO PRATA
1248,0,RIO SÃO MARCOS
1249,0,RIO TIGRE
1250,0,RIO VERMELHO
1251,0,RIO VERMELHO 2
1252,0,RIO VERMELHO 3
1253,0,RISOLETA NEVES (ANTIGA CANDONGA)
1254,0,RJR
1255,0,RN 15 - RIO DO FOGO
1256,0,ROCHEDO
1257,0,RODEIO
1258,0,RODEIO BONITO
1259,0,ROFATTO MOGI GUAÇU - LOJA 01
1260,0,RONCADOR
1261,0,RONDINHA
1262,0,RONDINHA CHALANA
1263,0,RONDON
1264,0,RONDON II
1265,0,RONDONÓPOLIS
1266,0,ROSAL
1267,0,ROSANA
1268,0,ROÇA GRANDE
1269,0,RP 1
1270,0,RS-155
1271,0,RUDOLF
1272,0,RUDOLF LINDNER
1273,0,RUETTE
1274,0,RÊNIC
1275,0,SACRE II
1276,0,SALESÓPOLIS
1277,0,SALTINHO
1278,0,SALTINHO RS
1279,0,SALTO
1280,0,SALTO (SALTO WEISSBACH)
1281,0,SALTO APIACÁS
1282,0,SALTO BANDEIRANTES
1283,0,SALTO BELO
1284,0,SALTO BURITI
1285,0,SALTO CLAUDELINO
1286,0,SALTO CORGÃO
1287,0,SALTO CURUCACA (ANTIGA SALTO CURUCACA II)
1288,0,SALTO CURUÁ
1289,0,SALTO DA ALEMOA
1290,0,SALTO DAS FLORES
1291,0,SALTO DO GUASSUPI
1292,0,SALTO DO LOBO
1293,0,SALTO DO PASSO VELHO
1294,0,SALTO DO TIMBO
1295,0,SALTO DO VAU
1296,0,SALTO DONNER I
1297,0,SALTO DONNER II
1298,0,SALTO FORQUETA
1299,0,SALTO GRANDE
1300,0,SALTO GRANDE (LUCAS NOGUEIRA GARCEZ)
1301,0,SALTO GÓES
1302,0,SALTO MORAIS
1303,0,SALTO NATAL
1304,0,SALTO PILÃO
1305,0,SALTO PINTADO
1306,0,SALTO SANTO ANTÔNIO
1307,0,SALTO SÃO PEDRO
1308,0,SALTO TRÊS DE MAIO
1309,0,SALTO VOLTÃO
1310,0,SALVADOR
1311,0,SAMBURÁ (CEG CORRETO EM 2686)
1312,0,SAN JUAN
1313,0,SANTA ADÉLIA
1314,0,SANTA ALICE
1315,0,SANTA ANA
1316,0,SANTA ANNA
1317,0,SANTA BRANCA
1318,0,SANTA BÁRBARA ENERGIA
1319,0,SANTA CAROLINA
1320,0,SANTA CECÍLIA
1321,0,SANTA CLARA
1322,0,SANTA CLARA I
1323,0,SANTA CLEONICE
1324,0,SANTA CRUZ
1325,0,SANTA CRUZ AB (ANTIGA OMETTO)
1326,0,SANTA CRUZ DE MONTE NEGRO
1327,0,SANTA CÂNDIDA I
1328,0,SANTA CÂNDIDA II
1329,0,SANTA EDWIGES II
1330,0,SANTA EDWIGES III
1331,0,SANTA ELISA - UNIDADE I
1332,0,SANTA FÉ
1333,0,SANTA FÉ I
1334,0,SANTA GABRIELA
1335,0,SANTA HELENA
1336,0,SANTA ISABEL
1337,0,SANTA IZABEL
1338,0,SANTA JULIANA
1339,0,SANTA LAURA
1340,0,SANTA LUCIA - BLUE VILLE
1341,0,SANTA LUZIA
1342,0,SANTA LUZIA ALTO
1343,0,SANTA LUZIA D’OESTE
1344,0,SANTA LUZIA I
1345,0,SANTA LÚCIA
1346,0,SANTA LÚCIA II
1347,0,SANTA MARIA
1348,0,SANTA MARTA
1349,0,SANTA PAULINA
1350,0,SANTA ROSA
1351,0,SANTA ROSA E MUNDO NOVO I
1352,0,SANTA ROSA E MUNDO NOVO II
1353,0,SANTA ROSA E MUNDO NOVO III
1354,0,SANTA ROSA E MUNDO NOVO IV
1355,0,SANTA ROSA E MUNDO NOVO V
1356,0,SANTA ROSA II
1357,0,SANTA TEREZINHA
1358,0,SANTA TEREZINHA PARANACITY
1359,0,SANTA VITÓRIA
1360,0,SANTANA
1361,0,SANTANA DO DESERTO I
1362,0,SANTANA I
1363,0,SANTO ANTÔNIO
1364,0,SANTO ANTÔNIO DE CASCA
1365,0,SANTO ANTÔNIO DO CAIAPÓ
1366,0,SANTO ANTÔNIO SC
1367,0,SANTO EXPEDITO
1368,0,SANTO TESSARO
1369,0,SANTO ÂNGELO
1370,0,SAPEZAL
1371,0,SE DISTRIBUIDORA DE ALIMENTOS
1372,0,SEBASTIANÓPOLIS I (ANTIGA NOROESTE PAULISTA)
1373,0,SEBASTIANÓPOLIS II (ANTIGA NOBLE ENERGIA)
1374,0,SECRETÁRIO
1375,0,SEDE II
1376,0,SEGREDO
1377,0,SELECTA
1378,0,SENADOR JONAS PINHEIRO (CAETÉ)
1379,0,SENHORA DO PORTO
1380,0,SEROPÉDICA (ANTIGA BARBOSA LIMA SOBRINHO)
1381,0,SERRA DAS AGULHAS
1382,0,SERRA DO FACÃO
1383,0,SERRA GRANDE
1384,0,SERRA NEGRA
1385,0,SERRA VELHA
1386,0,SERRANIA
1387,0,SERRANÓPOLIS
1388,0,SERRITA I (ANTIGO ENERCOM SERRITA I)
1389,0,SERRITA II (ANTIGA ENERCOM SERRITA II)
1390,0,SERTÃO 1
1391,0,SERTÃO SOLAR BARREIRAS I
1392,0,SERTÃO SOLAR BARREIRAS II
1393,0,SERTÃO SOLAR BARREIRAS III
1394,0,SERTÃO SOLAR BARREIRAS IV
1395,0,SETE QUEDAS ALTA
1396,0,SHOPPING CIDADE
1397,0,SILVANA MARIA VIZZOTO VARNIER
1398,0,SIMONÉSIA
1399,0,SIMPLÍCIO
1400,0,SINCERIDADE
1401,0,SIRIVERA
1402,0,SM-01
1403,0,SM-06
1404,0,SOBRADO
1405,0,SOBRADO 1
1406,0,SOBRAGI
1407,0,SOBRAL 1
1408,0,SOCORRO
1409,0,SODRE
1410,0,SOL
1411,0,SOL DA UNIÃO
1412,0,SOL DO FUTURO I (STEELCONS SOL DO FUTURO I)
1413,0,SOL DO FUTURO II (ANTIGA STEELCONS SOL DO FUTURO III)
1414,0,SOL DO FUTURO III (ANTIGA STEELCONS SOL DO FUTURO III)
1415,0,SOL MAIOR 2
1416,0,SOLAR ALTO DO RODRIGUES
1417,0,SOLAR BOA VISTA
1418,0,SOLAR CERRO DO SOL
1419,0,SOLAR SALGUEIRO
1420,0,SOLAR SALGUEIRO II
1421,0,SOLAR SALGUEIRO III
1422,0,SOLAR SÃO GABRIEL
1423,0,SOLAR SÃO MIGUEL
1424,0,SOLAR SÃO RAFAEL
1425,0,SOLATIO VARZEA 3
1426,0,SOLATIO VARZEA 4
1427,0,SOLEDADE
1428,0,SONORA
1429,0,SOUFER CAMBUI
1430,0,SPESSATTO
1431,0,SUCUPIRA
1432,0,SUCURI
1433,0,SUMIDOURO
1434,0,SUPERMERCADO JEPSEN - FILIAL
1435,0,SUPERMERCADO JEPSEN - MATRIZ
1436,0,SUZANO MUCURI (ANTIGA BAHIA SUL)
1437,0,SUÍÇA
1438,0,SVA
1439,0,SYKUÉ I
1440,0,SÃO BARTOLOMEU
1441,0,SÃO BERNARDO
1442,0,SÃO BORJA
1443,0,SÃO CARLOS
1444,0,SÃO DOMINGOS
1445,0,SÃO DOMINGOS (TORIXORÉO)
1446,0,SÃO DOMINGOS DO PRATA
1447,0,SÃO DOMINGOS II
1448,0,SÃO FERNANDO AÇÚCAR E ÁLCOOL
1449,0,SÃO FRANCISCO
1450,0,SÃO GONÇALO
1451,0,SÃO GONÇALO (ANTIGA SANTA BÁRBARA)
1452,0,SÃO JOAQUIM
1453,0,SÃO JORGE
1454,0,SÃO JOSÉ
1455,0,SÃO JOSÉ COLINA
1456,0,SÃO JOSÉ DA ESTIVA
1457,0,SÃO JOSÉ DO PINHEIRO
1458,0,SÃO JOÃO
1459,0,SÃO JOÃO 1
1460,0,SÃO JOÃO 2
1461,0,SÃO JOÃO 3
1462,0,SÃO JOÃO 4
1463,0,SÃO JOÃO 5
1464,0,SÃO JOÃO 6
1465,0,SÃO JOÃO 7
1466,0,SÃO JOÃO BIOGÁS
1467,0,SÃO JOÃO DA BOA VISTA
1468,0,SÃO JOÃO PA
1469,0,SÃO JUDAS TADEU
1470,0,SÃO LOURENÇO
1471,0,SÃO LOURENÇO (ANTIGA ZÉ FERNANDO)
1472,0,SÃO LUIZ
1473,0,SÃO MARTINHO
1474,0,SÃO MARTINHO BIOENERGIA
1475,0,SÃO MARTINHO ENERGIA
1476,0,SÃO MAURICIO
1477,0,SÃO PAULO
1478,0,SÃO PEDRO
1479,0,SÃO PEDRO E PAULO I
1480,0,SÃO PEDRO E PAULO V
1481,0,SÃO PEDRO E PAULO VI
1482,0,SÃO PEDRO E PAULO VIII
1483,0,SÃO PEDRO II
1484,0,SÃO PEDRO IV
1485,0,SÃO SEBASTIÃO
1486,0,SÃO SEBASTIÃO DO ALTO
1487,0,SÃO SEPÉ
1488,0,SÃO SIMÃO
1489,0,SÃO TADEU I
1490,0,SÃO VALENTIM
1491,0,SÍTIO GRANDE
1492,0,TABU
1493,0,TAGUATINGA
1494,0,TAGUÁ
1495,0,TAIPINHA
1496,0,TAMBAQUI
1497,0,TAMBAÚ
1498,0,TAMBORIL
1499,0,TANQUINHO
1500,0,TAPUIAS
1501,0,TAPUIRAMA
1502,0,TAQUARI
1503,0,TARAUACÁ D
1504,0,TARUMÃ (ANTIGA NOVA AMÉRICA)
1505,0,TAUÁ
1506,0,TAÍBA
1507,0,TAÍBA ALBATROZ
1508,0,TECIPAR
1509,0,TELEGRÁFICA
1510,0,TEODORO SCHLICKMANN
1511,0,TERMOCABO
1512,0,TERMORIO (ANTIGA GOVERNADOR LEONEL BRIZOLA)
1513,0,TERMOVERDE CAIEIRAS
1514,0,TERRANOVA I
1515,0,TESTA BRANCA I
1516,0,TESTA BRANCA III
1517,0,TESTE(PACHECO)
1518,0,TIBAGI MONTANTE
1519,0,TIGRE
1520,0,TIO HUGO
1521,0,TITO
1522,0,TOCA
1523,0,TOCA DO TIGRE
1524,0,TOK PLASTI-METAL
1525,0,TOMBOS
1526,0,TOTAL
1527,0,TRABUCO
1528,0,TRAPICHE
1529,0,TREMEMBÉ
1530,0,TREZE DE MAIO
1531,0,TRIÂNGULO
1532,0,TRONQUEIRAS
1533,0,TRÊS CAPÕES NOVO
1534,0,TRÊS LAGOAS (ANTIGA LUIZ CARLOS PRESTES)
1535,0,TRÊS MARIAS
1536,0,TRÊS SALTOS
1537,0,TUBARÃO P&D
1538,0,TUBARÃO P&D 2
1539,0,TUCUNARÉ (ANTIGA - PONTA NEGRA)
1540,0,TUDELÂNDIA
1541,0,TUPITINGA
1542,0,TURVINHO
1543,0,TÚLIO CORDEIRO DE MELLO (ANTIGA GRANADA)
1544,0,UBERABA 2
1545,0,UBERLÂNDIA
1546,0,UBIRAJARA MACHADO DE MORAES
1547,0,UF PLAZA
1548,0,UFA
1549,0,UFL
1550,0,UJU
1551,0,UJU BIO
1552,0,UNAÍ BAIXO
1553,0,UNIDADE DE BIOENERGIA COSTA RICA
1554,0,UNIVALEM BIOENERGIA
1555,0,UNIVEL
1556,0,UNIÃO
1557,0,URUCUIA 2
1558,0,URUCUIA 3
1559,0,URUCUIA 4
1560,0,URUCUIA 5
1561,0,USACIGA
1562,0,USAÇÚCAR - TERRA RICA
1563,0,USF-BERNARDO ALIMENTOS
1564,0,USI (ANTIGA UNIDADE SANTO INÁCIO - USI)
1565,0,USI BIO
1566,0,USIFUNDI
1567,0,USINA DA PEDRA
1568,0,USINA DA SERRA
1569,0,USINA HENRIQUE I
1570,0,USINIL INDUSTRIA METALURGICA
1571,0,UT UGPU ITABIRITO
1572,0,UVAIA
1573,0,VALE DO PARANÁ
1574,0,VALE DO PONTAL (ANTIGA CABRERA)
1575,0,VALE DO PONTAL 2
1576,0,VALE DO ROSÁRIO
1577,0,VALE DO TIJUCO
1578,0,VALE DO TIJUCO II
1579,0,VALINHO
1580,0,VALORGAS CATANDUVA
1581,0,VARGINHA
1582,0,VAZANTE 1
1583,0,VAZANTE 2
1584,0,VAZANTE 3
1585,0,VELHA
1586,0,VENOSAN
1587,0,VENTO ARAGANO I
1588,0,VENTO MERIDIONAL OESTE I
1589,0,VENTOS DA BAHIA II
1590,0,VENTOS DA BAHIA IV
1591,0,VENTOS DA BAHIA VIII
1592,0,VEOLIA BIGUAÇU
1593,0,VERDE 4
1594,0,VERDE 4A
1595,0,VERDE 8
1596,0,VERDE VALE III
1597,0,VERTENTE
1598,0,VETORIAL
1599,0,VICTOR BAPTISTA ADAMI (ANTIGA PASSOS MAIA)
1600,0,VIENA
1601,0,VILA GALUPO
1602,0,VIRALCOOL
1603,0,VIRALCOOL 2
1604,0,VIRALCOOL CASTILHO
1605,0,VIRALCOOL CASTILHO 2
1606,0,VISTA ALEGRE
1607,0,VISTA ALEGRE I (ANTIGA ENERGÉTICA VISTA ALEGRE)
1608,0,VISTA ALEGRE II
1609,0,VITORINO
1610,0,VITÓRIA
1611,0,VIÇOSA (ANTIGA BICAME)
1612,0,VOLTA GRANDE
1613,0,VÁRZEA ALEGRE
1614,0,WASSER KRAFT
1615,0,WD
1616,0,WIGGERS
1617,0,WILLIAM ARJONA
1618,0,WILLY FALLER
1619,0,X3 RECICLAGENS
1620,0,XANGRI-LÁ
1621,0,XAVANTE
1622,0,XAVANTES ARUANÃ
1623,0,XAVANTINA
1624,0,XICÃO
1625,0,YPÊ
1626,0,ZANIN
1627,0,ZECA GOLIN (ANTIGA FAZENDA DO SALTO)
1628,0,ZÉ TUNIN
1629,0,ÁGUA BONITA
1630,0,ÁGUA BRAVA
1631,0,ÁGUA CLARA
1632,0,ÁGUA DOCE
1633,0,ÁGUA LIMPA
1634,0,ÁGUA PRATA
1635,0,ÁGUA VERMELHA IV
1636,0,ÁGUA VERMELHA V
1637,0,ÁGUA VERMELHA VI
1638,0,ÁGUA VERMELHA VII
1639,0,ÁGUAS DA SERRA
1640,0,ÂMBAR
1641,0,ÂNGELO CASSOL
1642,0,ÍNDIO CONDÁ
